,年度,季別,公司代號,公司名稱,股本,股本分級
0,112,1,1101,台泥,73561817,1
1,112,1,1102,亞泥,35459276,1
2,112,1,1103,嘉泥,7747805,2
3,112,1,1104,環泥,6536092,2
4,112,1,1108,幸福,4047380,3
5,112,1,1109,信大,3411589,3
6,112,1,1110,東泥,5720008,2
7,112,1,1201,味全,5060629,2
8,112,1,1203,味王,2400000,3
9,112,1,1210,大成,8947673,2
10,112,1,1213,大飲,566226,5
11,112,1,1215,卜蜂,2947901,3
12,112,1,1216,統一,56820154,1
13,112,1,1217,愛之味,4945134,3
14,112,1,1218,泰山,4999990,3
15,112,1,1219,福壽,3220139,3
16,112,1,1220,台榮,1770779,4
17,112,1,1225,福懋油,2187030,3
18,112,1,1227,佳格,9150897,2
19,112,1,1229,聯華,14801305,1
20,112,1,1231,聯華食,2242333,3
21,112,1,1232,大統益,1599749,4
22,112,1,1233,天仁,905919,5
23,112,1,1234,黑松,4018711,3
24,112,1,1235,興泰,1336293,4
25,112,1,1236,宏亞,1083425,4
26,112,1,1240,茂生農經,385982,5
27,112,1,1256,鮮活果汁-KY,338422,5
28,112,1,1258,其祥-KY,368198,5
29,112,1,1259,安心,323895,5
30,112,1,1264,德麥,370644,5
31,112,1,1268,漢來美食,427237,5
32,112,1,1301,台塑,63657408,1
33,112,1,1303,南亞,79308216,1
34,112,1,1304,台聚,11887635,1
35,112,1,1305,華夏,5810505,2
36,112,1,1307,三芳,3978181,3
37,112,1,1308,亞聚,5937438,2
38,112,1,1309,台達化,3975868,3
39,112,1,1310,台苯,5278698,2
40,112,1,1312,國喬,9266203,2
41,112,1,1313,聯成,13563819,1
42,112,1,1314,中石化,37848502,1
43,112,1,1315,達新,990990,5
44,112,1,1316,上曜,2190580,3
45,112,1,1319,東陽,5914771,2
46,112,1,1321,大洋,2272283,3
47,112,1,1323,永裕,912745,5
48,112,1,1324,地球,751219,5
49,112,1,1325,恆大,852812,5
50,112,1,1326,台化,58611863,1
51,112,1,1336,台翰,788184,5
52,112,1,1337,再生-KY,2689547,3
53,112,1,1338,廣華-KY,838400,5
54,112,1,1339,昭輝,741239,5
55,112,1,1340,勝悅-KY,1529229,4
56,112,1,1341,富林-KY,511393,5
57,112,1,1342,八貫,707846,5
58,112,1,1402,遠東新,53528751,1
59,112,1,1409,新纖,16184093,1
60,112,1,1410,南染,630000,5
61,112,1,1413,宏洲,1321124,4
62,112,1,1414,東和,2200000,3
63,112,1,1416,廣豐,1853422,4
64,112,1,1417,嘉裕,1899419,4
65,112,1,1418,東華,568343,5
66,112,1,1419,新紡,3000413,3
67,112,1,1423,利華,1384000,4
68,112,1,1432,大魯閣,900000,5
69,112,1,1434,福懋,16846646,1
70,112,1,1435,中福,1397801,4
71,112,1,1436,華友聯,972170,5
72,112,1,1437,勤益控,2033713,3
73,112,1,1438,三地開發,912058,5
74,112,1,1439,雋揚,920000,5
75,112,1,1440,南紡,16568159,1
76,112,1,1441,大東,1139000,4
77,112,1,1442,名軒,3662113,3
78,112,1,1443,立益物流,1353430,4
79,112,1,1444,力麗,9573029,2
80,112,1,1445,大宇,1306660,4
81,112,1,1446,宏和,1377095,4
82,112,1,1447,力鵬,9144872,2
83,112,1,1449,佳和,807713,5
84,112,1,1451,年興,2064500,3
85,112,1,1452,宏益,1326414,4
86,112,1,1453,大將,1036335,4
87,112,1,1454,台富,1298338,4
88,112,1,1455,集盛,5316884,2
89,112,1,1456,怡華,937200,5
90,112,1,1457,宜進,3016476,3
91,112,1,1459,聯發,3586289,3
92,112,1,1460,宏遠,6946434,2
93,112,1,1463,強盛,1732684,4
94,112,1,1464,得力,3845657,3
95,112,1,1465,偉全,1036073,4
96,112,1,1466,聚隆,1111573,4
97,112,1,1467,南緯,2336247,3
98,112,1,1468,昶和,1604053,4
99,112,1,1470,大統新創,857670,5
100,112,1,1471,首利,1504145,4
101,112,1,1472,三洋實業,249881,5
102,112,1,1473,台南,1471535,4
103,112,1,1474,弘裕,1298970,4
104,112,1,1475,業旺,660168,5
105,112,1,1476,儒鴻,2743671,3
106,112,1,1477,聚陽,2418566,3
107,112,1,1503,士電,5209722,2
108,112,1,1504,東元,21387966,1
109,112,1,1506,正道,3001925,3
110,112,1,1512,瑞利,981835,5
111,112,1,1513,中興電,4948463,3
112,112,1,1514,亞力,2397430,3
113,112,1,1515,力山,1814735,4
114,112,1,1516,川飛,356842,5
115,112,1,1517,利奇,2256850,3
116,112,1,1519,華城,2610585,3
117,112,1,1521,大億,762300,5
118,112,1,1522,堤維西,3428979,3
119,112,1,1524,耿鼎,1653104,4
120,112,1,1525,江申,734001,5
121,112,1,1526,日馳,600000,5
122,112,1,1527,鑽全,1385706,4
123,112,1,1528,恩德,1943310,4
124,112,1,1529,樂事綠能,1454858,4
125,112,1,1530,亞崴,965942,5
126,112,1,1531,高林股,1836081,4
127,112,1,1532,勤美,3761252,3
128,112,1,1533,車王電,985475,5
129,112,1,1535,中宇,1237426,4
130,112,1,1536,和大,2795175,3
131,112,1,1537,廣隆,820664,5
132,112,1,1538,正峰,758390,5
133,112,1,1539,巨庭,653700,5
134,112,1,1540,喬福,854736,5
135,112,1,1541,錩泰,788000,5
136,112,1,1558,伸興,665356,5
137,112,1,1560,中砂,1440598,4
138,112,1,1565,精華,504165,5
139,112,1,1568,倉佑,1030865,4
140,112,1,1569,濱川,1214474,4
141,112,1,1570,力肯,515008,5
142,112,1,1580,新麥,502302,5
143,112,1,1582,信錦,1237258,4
144,112,1,1583,程泰,1104004,4
145,112,1,1584,精剛,1524705,4
146,112,1,1586,和勤,858988,5
147,112,1,1587,吉茂,686244,5
148,112,1,1589,永冠-KY,1106175,4
149,112,1,1590,亞德客-KY,2000000,3
150,112,1,1591,駿吉-KY,347980,5
151,112,1,1593,祺驊,375443,5
152,112,1,1595,川寶,474226,5
153,112,1,1597,直得,892619,5
154,112,1,1598,岱宇,1346097,4
155,112,1,1599,宏佳騰,745287,5
156,112,1,1603,華電,1916880,4
157,112,1,1604,聲寶,3842000,3
158,112,1,1605,華新,37313329,1
159,112,1,1608,華榮,6327735,2
160,112,1,1609,大亞,6846491,2
161,112,1,1611,中電,3227358,3
162,112,1,1612,宏泰,3160801,3
163,112,1,1614,三洋電,2691134,3
164,112,1,1615,大山,1488389,4
165,112,1,1616,億泰,1941485,4
166,112,1,1617,榮星,1577332,4
167,112,1,1618,合機,1926917,4
168,112,1,1626,艾美特-KY,1455445,4
169,112,1,1701,中化,2980811,3
170,112,1,1702,南僑,2941330,3
171,112,1,1707,葡萄王,1481374,4
172,112,1,1708,東鹼,2490017,3
173,112,1,1709,和益,4770163,3
174,112,1,1710,東聯,8857031,2
175,112,1,1711,永光,5477522,2
176,112,1,1712,興農,4204926,3
177,112,1,1713,國化,1509517,4
178,112,1,1714,和桐,10168248,1
179,112,1,1717,長興,11782655,1
180,112,1,1718,中纖,16862097,1
181,112,1,1720,生達,1786961,4
182,112,1,1721,三晃,1848841,4
183,112,1,1722,台肥,9800000,2
184,112,1,1723,中碳,2369044,3
185,112,1,1725,元禎,1818300,4
186,112,1,1726,永記,1620000,4
187,112,1,1727,中華化,1082500,4
188,112,1,1730,花仙子,632339,5
189,112,1,1731,美吾華,1329152,4
190,112,1,1732,毛寶,424439,5
191,112,1,1733,五鼎,999502,5
192,112,1,1734,杏輝,1677221,4
193,112,1,1735,日勝化,993880,5
194,112,1,1736,喬山,3036166,3
195,112,1,1737,臺鹽,2000000,3
196,112,1,1742,台蠟,935593,5
197,112,1,1752,南光,1009885,4
198,112,1,1760,寶齡富錦,857391,5
199,112,1,1762,中化生,775600,5
200,112,1,1773,勝一,2500000,3
201,112,1,1776,展宇,703033,5
202,112,1,1777,生泰,445917,5
203,112,1,1781,合世,474076,5
204,112,1,1783,和康生,846991,5
205,112,1,1784,訊聯,496269,5
206,112,1,1785,光洋科,5968762,2
207,112,1,1786,科妍,669800,5
208,112,1,1788,杏昌,855210,5
209,112,1,1789,神隆,7907392,2
210,112,1,1795,美時,2625913,3
211,112,1,1796,金穎生技,414598,5
212,112,1,1799,易威,1143658,4
213,112,1,1802,台玻,29080608,1
214,112,1,1805,寶徠,1002654,4
215,112,1,1806,冠軍,3904039,3
216,112,1,1808,潤隆,4510261,3
217,112,1,1809,中釉,1670419,4
218,112,1,1810,和成,3032800,3
219,112,1,1813,寶利徠,466355,5
220,112,1,1815,富喬,4413675,3
221,112,1,1817,凱撒衛,726000,5
222,112,1,1903,士紙,2600391,3
223,112,1,1904,正隆,11082745,1
224,112,1,1905,華紙,11028353,1
225,112,1,1906,寶隆,1510000,4
226,112,1,1907,永豐餘,16603715,1
227,112,1,1909,榮成,13276857,1
228,112,1,2002,中鋼,157731290,1
229,112,1,2006,東和鋼鐵,7302138,2
230,112,1,2007,燁興,5306516,2
231,112,1,2008,高興昌,2008523,3
232,112,1,2009,第一銅,3596222,3
233,112,1,2010,春源,6476554,2
234,112,1,2012,春雨,3021627,3
235,112,1,2013,中鋼構,2000000,3
236,112,1,2014,中鴻,14355444,1
237,112,1,2015,豐興,5815994,2
238,112,1,2017,官田鋼,3623795,3
239,112,1,2020,美亞,2225261,3
240,112,1,2022,聚亨,4797520,3
241,112,1,2023,燁輝,19758650,1
242,112,1,2024,志聯,975000,5
243,112,1,2025,千興,2811673,3
244,112,1,2027,大成鋼,20285505,1
245,112,1,2028,威致,3257148,3
246,112,1,2029,盛餘,3211800,3
247,112,1,2030,彰源,2805260,3
248,112,1,2031,新光鋼,3211463,3
249,112,1,2032,新鋼,1305215,4
250,112,1,2033,佳大,806945,5
251,112,1,2034,允強,4474265,3
252,112,1,2035,唐榮公司,3500000,3
253,112,1,2038,海光,1812645,4
254,112,1,2049,上銀,3537923,3
255,112,1,2059,川湖,952971,5
256,112,1,2061,風青,466432,5
257,112,1,2062,橋椿,1999942,4
258,112,1,2063,世鎧,495995,5
259,112,1,2064,晉椿,696300,5
260,112,1,2065,世豐,514046,5
261,112,1,2066,世德,408932,5
262,112,1,2067,嘉鋼,451382,5
263,112,1,2069,運錩,1663868,4
264,112,1,2070,精湛,357828,5
265,112,1,2101,南港,8339349,2
266,112,1,2102,泰豐,4733292,3
267,112,1,2103,台橡,8257099,2
268,112,1,2104,國際中橡,9847336,2
269,112,1,2105,正新,32414155,1
270,112,1,2106,建大,9094100,2
271,112,1,2107,厚生,3373260,3
272,112,1,2108,南帝,4924167,3
273,112,1,2109,華豐,2793492,3
274,112,1,2114,鑫永銓,779918,5
275,112,1,2115,六暉-KY,994030,5
276,112,1,2201,裕隆,10000000,1
277,112,1,2204,中華,5536203,2
278,112,1,2206,三陽工業,7974896,2
279,112,1,2207,和泰車,5461792,2
280,112,1,2208,台船,9317873,2
281,112,1,2211,長榮鋼,4170915,3
282,112,1,2221,大甲,423250,5
283,112,1,2227,裕日車,3000000,3
284,112,1,2228,劍麟,757803,5
285,112,1,2230,泰茂,399132,5
286,112,1,2231,為升,1341234,4
287,112,1,2233,宇隆,602881,5
288,112,1,2235,謚源,358780,5
289,112,1,2236,百達-KY,457597,5
290,112,1,2239,英利-KY,1187621,4
291,112,1,2241,艾姆勒,896023,5
292,112,1,2243,宏旭-KY,690638,5
293,112,1,2247,汎德永業,807087,5
294,112,1,2250,IKKA-KY,292524,5
295,112,1,2301,光寶科,23619970,1
296,112,1,2302,麗正,1663029,4
297,112,1,2303,聯電,125047490,1
298,112,1,2305,全友,2056608,3
299,112,1,2308,台達電,25975433,1
300,112,1,2312,金寶,14962772,1
301,112,1,2313,華通,11918206,1
302,112,1,2314,台揚,2380283,3
303,112,1,2316,楠梓電,1827405,4
304,112,1,2317,鴻海,138629906,1
305,112,1,2321,東訊,302719,5
306,112,1,2323,中環,10893483,1
307,112,1,2324,仁寶,44071466,1
308,112,1,2327,國巨,4221072,3
309,112,1,2328,廣宇,5183462,2
310,112,1,2329,華泰,7354883,2
311,112,1,2330,台積電,259320710,1
312,112,1,2331,精英,5574030,2
313,112,1,2332,友訊,5998365,2
314,112,1,2337,旺宏,18558264,1
315,112,1,2338,光罩,2564465,3
316,112,1,2340,台亞,4386228,3
317,112,1,2342,茂矽,1561567,4
318,112,1,2344,華邦電,39800002,1
319,112,1,2345,智邦,5601589,2
320,112,1,2347,聯強,16679470,1
321,112,1,2348,海悅,1471081,4
322,112,1,2349,錸德,6936797,2
323,112,1,2351,順德,1821403,4
324,112,1,2352,佳世達,19667820,1
325,112,1,2353,宏碁,30478538,1
326,112,1,2354,鴻準,14144852,1
327,112,1,2355,敬鵬,3974954,3
328,112,1,2356,英業達,35874751,1
329,112,1,2357,華碩,7427603,2
330,112,1,2358,廷鑫,1366228,4
331,112,1,2359,所羅門,1714711,4
332,112,1,2360,致茂,4253670,3
333,112,1,2362,藍天,6322630,2
334,112,1,2363,矽統,7495894,2
335,112,1,2364,倫飛,248004,5
336,112,1,2365,昆盈,2215285,3
337,112,1,2367,燿華,6694072,2
338,112,1,2368,金像電,4918391,3
339,112,1,2369,菱生,3801023,3
340,112,1,2371,大同,23395367,1
341,112,1,2373,震旦行,2362025,3
342,112,1,2374,佳能,2875463,3
343,112,1,2375,凱美,1086753,4
344,112,1,2376,技嘉,6356889,2
345,112,1,2377,微星,8448562,2
346,112,1,2379,瑞昱,5128636,2
347,112,1,2380,虹光,2132211,3
348,112,1,2382,廣達,38626274,1
349,112,1,2383,台光電,3329183,3
350,112,1,2385,群光,7600532,2
351,112,1,2387,精元,1952510,4
352,112,1,2388,威盛,4991191,3
353,112,1,2390,云辰,1926194,4
354,112,1,2392,正崴,5123269,2
355,112,1,2393,億光,4433931,3
356,112,1,2395,研華,7784871,2
357,112,1,2397,友通,1144889,4
358,112,1,2399,映泰,1781000,4
359,112,1,2401,凌陽,5919949,2
360,112,1,2402,毅嘉,3075366,3
361,112,1,2404,漢唐,1905867,4
362,112,1,2405,輔信,3434273,3
363,112,1,2406,國碩,3509057,3
364,112,1,2408,南亞科,30980429,1
365,112,1,2409,友達,76993961,1
366,112,1,2412,中華電,77574465,1
367,112,1,2413,環科,1273592,4
368,112,1,2414,精技,1617358,4
369,112,1,2415,錩新,900000,5
370,112,1,2417,圓剛,1582389,4
371,112,1,2419,仲琦,3213172,3
372,112,1,2420,新巨,1526487,4
373,112,1,2421,建準,2509297,3
374,112,1,2423,固緯,1450472,4
375,112,1,2424,隴華,485250,5
376,112,1,2425,承啟,964988,5
377,112,1,2426,鼎元,3006223,3
378,112,1,2427,三商電,1843145,4
379,112,1,2428,興勤,1281127,4
380,112,1,2429,銘旺科,437482,5
381,112,1,2430,燦坤,1168000,4
382,112,1,2431,聯昌,1109270,4
383,112,1,2432,倚天酷碁-創,600000,5
384,112,1,2433,互盛電,1444960,4
385,112,1,2434,統懋,370000,5
386,112,1,2436,偉詮電,1780100,4
387,112,1,2438,翔耀,601956,5
388,112,1,2439,美律,2177502,3
389,112,1,2440,太空梭,1391173,4
390,112,1,2441,超豐,5688459,2
391,112,1,2442,新美齊,2532491,3
392,112,1,2443,昶虹,1456870,4
393,112,1,2444,兆勁,1055576,4
394,112,1,2449,京元電子,12227451,1
395,112,1,2450,神腦,2582527,3
396,112,1,2451,創見,4290617,3
397,112,1,2453,凌群,1000000,4
398,112,1,2454,聯發科,15996842,1
399,112,1,2455,全新,1849059,4
400,112,1,2457,飛宏,3752084,3
401,112,1,2458,義隆,3038804,3
402,112,1,2459,敦吉,1055956,4
403,112,1,2460,建通,1692000,4
404,112,1,2461,光群雷,1638061,4
405,112,1,2462,良得電,1419346,4
406,112,1,2464,盟立,1955312,4
407,112,1,2465,麗臺,589460,5
408,112,1,2466,冠西電,1680968,4
409,112,1,2467,志聖,1567553,4
410,112,1,2468,華經,699612,5
411,112,1,2471,資通,472539,5
412,112,1,2472,立隆電,1642595,4
413,112,1,2474,可成,7144671,2
414,112,1,2476,鉅祥,1906543,4
415,112,1,2477,美隆電,1585732,4
416,112,1,2478,大毅,1447313,4
417,112,1,2480,敦陽科,1063603,4
418,112,1,2481,強茂,3828149,3
419,112,1,2482,連宇,778511,5
420,112,1,2483,百容,1090938,4
421,112,1,2484,希華,1594210,4
422,112,1,2485,兆赫,3176890,3
423,112,1,2486,一詮,2219586,3
424,112,1,2488,漢平,799994,5
425,112,1,2489,瑞軒,7980000,2
426,112,1,2491,吉祥全,820080,5
427,112,1,2492,華新科,4858043,3
428,112,1,2493,揚博,1144373,4
429,112,1,2495,普安,2735515,3
430,112,1,2496,卓越,191004,5
431,112,1,2497,怡利電,1227985,4
432,112,1,2498,宏達電,8310921,2
433,112,1,2501,國建,11595611,1
434,112,1,2504,國產,11800000,1
435,112,1,2505,國揚,3800000,3
436,112,1,2506,太設,3870000,3
437,112,1,2509,全坤建,2245505,3
438,112,1,2511,太子,16233261,1
439,112,1,2514,龍邦,3947293,3
440,112,1,2515,中工,15308998,1
441,112,1,2516,新建,2262785,3
442,112,1,2520,冠德,5541701,2
443,112,1,2524,京城,3690564,3
444,112,1,2527,宏璟,2703060,3
445,112,1,2528,皇普,3799974,3
446,112,1,2530,華建,8399880,2
447,112,1,2534,宏盛,4742280,3
448,112,1,2535,達欣工,3384925,3
449,112,1,2536,宏普,3328087,3
450,112,1,2537,聯上發,3005579,3
451,112,1,2538,基泰,4384488,3
452,112,1,2539,櫻花建,7371576,2
453,112,1,2540,愛山林,2900790,3
454,112,1,2542,興富發,17146741,1
455,112,1,2543,皇昌,2374837,3
456,112,1,2545,皇翔,3277348,3
457,112,1,2546,根基,1166392,4
458,112,1,2547,日勝生,8800946,2
459,112,1,2548,華固,2768127,3
460,112,1,2596,綠意,1000000,4
461,112,1,2597,潤弘,1849500,4
462,112,1,2601,益航,8247761,2
463,112,1,2603,長榮,21164201,1
464,112,1,2605,新興,5853533,2
465,112,1,2606,裕民,8450557,2
466,112,1,2607,榮運,10671411,1
467,112,1,2608,嘉里大榮,4670005,3
468,112,1,2609,陽明,34921043,1
469,112,1,2610,華航,60135374,1
470,112,1,2611,志信,1890023,4
471,112,1,2612,中航,1974846,4
472,112,1,2613,中櫃,1484235,4
473,112,1,2614,東森,4760554,3
474,112,1,2615,萬海,28061464,1
475,112,1,2616,山隆,1372818,4
476,112,1,2617,台航,4172945,3
477,112,1,2618,長榮航,53632736,1
478,112,1,2630,亞航,1620478,4
479,112,1,2633,台灣高鐵,56282930,1
480,112,1,2634,漢翔,9418671,2
481,112,1,2636,台驊投控,1433912,4
482,112,1,2637,慧洋-KY,7464092,2
483,112,1,2640,大車隊,592650,5
484,112,1,2641,正德,2396982,3
485,112,1,2642,宅配通,954670,5
486,112,1,2643,捷迅,300000,5
487,112,1,2645,長榮航太,3745709,3
488,112,1,2701,萬企,4499678,3
489,112,1,2702,華園,1491555,4
490,112,1,2704,國賓,3669234,3
491,112,1,2705,六福,1913128,4
492,112,1,2706,第一店,4999984,3
493,112,1,2707,晶華,1274032,4
494,112,1,2712,遠雄來,1050000,4
495,112,1,2718,晶悅,845760,5
496,112,1,2719,燦星旅,687421,5
497,112,1,2722,夏都,1115229,4
498,112,1,2723,美食-KY,1800000,4
499,112,1,2724,富驛-KY,596564,5
500,112,1,2726,雅茗-KY,357852,5
501,112,1,2727,王品,769879,5
502,112,1,2729,瓦城,313042,5
503,112,1,2731,雄獅,929363,5
504,112,1,2732,六角,464476,5
505,112,1,2734,易飛網,422598,5
506,112,1,2736,富野,489923,5
507,112,1,2739,寒舍,1015260,4
508,112,1,2740,天蔥,231855,5
509,112,1,2743,山富,360117,5
510,112,1,2745,五福,338085,5
511,112,1,2748,雲品,1025685,4
512,112,1,2752,豆府,262674,5
513,112,1,2753,八方雲集,663448,5
514,112,1,2754,亞洲藏壽司,467172,5
515,112,1,2755,揚秦,220000,5
516,112,1,2756,聯發國際,204523,5
517,112,1,2855,統一證,14558313,1
518,112,1,2880,華南金,136427459,1
519,112,1,2881,富邦金,139952026,1
520,112,1,2882,國泰金,162025102,1
521,112,1,2883,開發金,184252310,1
522,112,1,2884,玉山金,142930000,1
523,112,1,2885,元大金,125015590,1
524,112,1,2886,兆豐金,139398196,1
525,112,1,2887,台新金,130741476,1
526,112,1,2888,新光金,157846182,1
527,112,1,2889,國票金,34473840,1
528,112,1,2890,永豐金,121337646,1
529,112,1,2891,中信金,200837908,1
530,112,1,2892,第一金,132234423,1
531,112,1,2901,欣欣,730433,5
532,112,1,2903,遠百,14169406,1
533,112,1,2904,匯僑,778344,5
534,112,1,2905,三商,9224957,2
535,112,1,2906,高林,2091111,3
536,112,1,2908,特力,5098875,2
537,112,1,2910,統領,2087250,3
538,112,1,2911,麗嬰房,1906778,4
539,112,1,2912,統一超,10396223,1
540,112,1,2913,農林,7900000,2
541,112,1,2915,潤泰全,11043188,1
542,112,1,2916,滿心,546269,5
543,112,1,2923,鼎固-KY,17402970,1
544,112,1,2924,宏太-KY,328051,5
545,112,1,2926,誠品生活,473897,5
546,112,1,2929,淘帝-KY,1094938,4
547,112,1,2937,集雅社,379197,5
548,112,1,2939,凱羿-KY,455487,5
549,112,1,2945,三商家購,675000,5
550,112,1,2947,振宇五金,192686,5
551,112,1,3002,歐格,1020000,4
552,112,1,3003,健和興,1556549,4
553,112,1,3004,豐達科,526592,5
554,112,1,3005,神基,6065004,2
555,112,1,3006,晶豪科,2861570,3
556,112,1,3008,大立光,1334682,4
557,112,1,3010,華立,2360179,3
558,112,1,3011,今皓,1127192,4
559,112,1,3013,晟銘電,1959350,4
560,112,1,3014,聯陽,1610801,4
561,112,1,3015,全漢,1872620,4
562,112,1,3016,嘉晶,2885394,3
563,112,1,3017,奇鋐,4735925,3
564,112,1,3019,亞光,2792439,3
565,112,1,3021,鴻名,958900,5
566,112,1,3022,威強電,1765978,4
567,112,1,3023,信邦,2390561,3
568,112,1,3024,憶聲,2771575,3
569,112,1,3025,星通,709206,5
570,112,1,3026,禾伸堂,1579908,4
571,112,1,3027,盛達,1149693,4
572,112,1,3028,增你強,2208260,3
573,112,1,3029,零壹,1533147,4
574,112,1,3030,德律,2362160,3
575,112,1,3031,佰鴻,1732032,4
576,112,1,3032,偉訓,1132856,4
577,112,1,3033,威健,4235432,3
578,112,1,3034,聯詠,6085115,2
579,112,1,3035,智原,2485503,3
580,112,1,3036,文曄,10215462,1
581,112,1,3037,欣興,15237992,1
582,112,1,3038,全台,1574076,4
583,112,1,3040,遠見,630000,5
584,112,1,3041,揚智,1942919,4
585,112,1,3042,晶技,3097570,3
586,112,1,3043,科風,389756,5
587,112,1,3044,健鼎,5256059,2
588,112,1,3045,台灣大,35192336,1
589,112,1,3046,建碁,714480,5
590,112,1,3047,訊舟,2113845,3
591,112,1,3048,益登,2698298,3
592,112,1,3049,和鑫,8050475,2
593,112,1,3050,鈺德,1459845,4
594,112,1,3051,力特,1700000,4
595,112,1,3052,夆典,2287135,3
596,112,1,3054,立萬利,834110,5
597,112,1,3055,蔚華科,1187419,4
598,112,1,3056,總太,2427487,3
599,112,1,3057,喬鼎,926787,5
600,112,1,3058,立德,1585764,4
601,112,1,3059,華晶科,2788000,3
602,112,1,3060,銘異,1375632,4
603,112,1,3062,建漢,3302154,3
604,112,1,3064,泰偉,433715,5
605,112,1,3066,李洲,830706,5
606,112,1,3067,全域,200000,5
607,112,1,3071,協禧,1100000,4
608,112,1,3073,天方能源,320996,5
609,112,1,3078,僑威,2273911,3
610,112,1,3081,聯亞,918677,5
611,112,1,3083,網龍,864337,5
612,112,1,3085,新零售,290193,5
613,112,1,3086,華義,222748,5
614,112,1,3088,艾訊,919605,5
615,112,1,3089,億杰,651133,5
616,112,1,3090,日電貿,2126572,3
617,112,1,3092,鴻碩,1032210,4
618,112,1,3093,港建*,362888,5
619,112,1,3094,聯傑,831171,5
620,112,1,3095,及成,103600,5
621,112,1,3105,穩懋,4239404,3
622,112,1,3114,好德,626248,5
623,112,1,3115,富榮綱,436976,5
624,112,1,3118,進階,324529,5
625,112,1,3122,笙泉,395861,5
626,112,1,3128,昇銳,420000,5
627,112,1,3130,一零四,331907,5
628,112,1,3131,弘塑,292160,5
629,112,1,3138,耀登,467111,5
630,112,1,3141,晶宏,750933,5
631,112,1,3147,大綜,390061,5
632,112,1,3149,正達,2241856,3
633,112,1,3152,璟德,690162,5
634,112,1,3162,精確,1308973,4
635,112,1,3163,波若威,752869,5
636,112,1,3164,景岳,863714,5
637,112,1,3167,大量,801341,5
638,112,1,3169,亞信,627770,5
639,112,1,3171,新洲,667035,5
640,112,1,3176,基亞,1393463,4
641,112,1,3178,公準,450500,5
642,112,1,3188,鑫龍騰,1863099,4
643,112,1,3189,景碩,4542191,3
644,112,1,3191,和進,871948,5
645,112,1,3202,樺晟,1171649,4
646,112,1,3205,佰研,325456,5
647,112,1,3206,志豐,589167,5
648,112,1,3207,耀勝,537704,5
649,112,1,3209,全科,2291110,3
650,112,1,3211,順達,1505315,4
651,112,1,3213,茂訊,586855,5
652,112,1,3217,優群,901042,5
653,112,1,3218,大學光,799292,5
654,112,1,3219,倚強科,703512,5
655,112,1,3221,台嘉碩,1040444,4
656,112,1,3224,三顧,681726,5
657,112,1,3226,至寶電,644306,5
658,112,1,3227,原相,1461373,4
659,112,1,3228,金麗科,677927,5
660,112,1,3229,晟鈦,642630,5
661,112,1,3230,錦明,710109,5
662,112,1,3231,緯創,29001661,1
663,112,1,3232,昱捷,465679,5
664,112,1,3234,光環,764747,5
665,112,1,3236,千如,929209,5
666,112,1,3252,海灣,501958,5
667,112,1,3257,虹冠電,799866,5
668,112,1,3259,鑫創,746877,5
669,112,1,3260,威剛,2674264,3
670,112,1,3264,欣銓,4901701,3
671,112,1,3265,台星科,1362617,4
672,112,1,3266,昇陽,3523143,3
673,112,1,3268,海德威,334263,5
674,112,1,3272,東碩,546143,5
675,112,1,3276,宇環,697127,5
676,112,1,3284,太普高,879618,5
677,112,1,3285,微端,427353,5
678,112,1,3287,廣寰科,439705,5
679,112,1,3288,點晶,150000,5
680,112,1,3289,宜特,747751,5
681,112,1,3290,東浦,999961,5
682,112,1,3293,鈊象,1409008,4
683,112,1,3294,英濟,1320159,4
684,112,1,3296,勝德,967244,5
685,112,1,3297,杭特,360494,5
686,112,1,3303,岱稜,940906,5
687,112,1,3305,昇貿,1342375,4
688,112,1,3306,鼎天,506077,5
689,112,1,3308,聯德,706840,5
690,112,1,3310,佳穎,578514,5
691,112,1,3311,閎暉,680000,5
692,112,1,3312,弘憶股,1626254,4
693,112,1,3313,斐成,1187708,4
694,112,1,3317,尼克森,612515,5
695,112,1,3321,同泰,1561448,4
696,112,1,3322,建舜電,1075065,4
697,112,1,3323,加百裕,803059,5
698,112,1,3324,雙鴻,883941,5
699,112,1,3325,旭品,846346,5
700,112,1,3332,幸康,481042,5
701,112,1,3338,泰碩,879081,5
702,112,1,3339,泰谷,516312,5
703,112,1,3346,麗清,1067326,4
704,112,1,3349,寶德,400716,5
705,112,1,3354,律勝,701124,5
706,112,1,3356,奇偶,898221,5
707,112,1,3357,臺慶科,1020340,4
708,112,1,3360,尚立,764021,5
709,112,1,3362,先進光,1424599,4
710,112,1,3363,上詮,883366,5
711,112,1,3372,典範,1754100,4
712,112,1,3373,熱映,432898,5
713,112,1,3374,精材,2713643,3
714,112,1,3376,新日興,1877483,4
715,112,1,3379,彬台,380417,5
716,112,1,3380,明泰,5417185,2
717,112,1,3388,崇越電,740624,5
718,112,1,3390,旭軟,686551,5
719,112,1,3402,漢科,730476,5
720,112,1,3406,玉晶光,1127431,4
721,112,1,3413,京鼎,971595,5
722,112,1,3416,融程電,763022,5
723,112,1,3419,譁裕,1204804,4
724,112,1,3426,台興,264000,5
725,112,1,3430,奇鈦科,337161,5
726,112,1,3432,台端,665860,5
727,112,1,3434,哲固,240620,5
728,112,1,3437,榮創,1445480,4
729,112,1,3438,類比科,471658,5
730,112,1,3441,聯一光電,400399,5
731,112,1,3443,創意,1340119,4
732,112,1,3444,利機,441146,5
733,112,1,3447,展達,768196,5
734,112,1,3450,聯鈞,1456814,4
735,112,1,3454,晶睿,865679,5
736,112,1,3455,由田,598507,5
737,112,1,3465,進泰電子,323298,5
738,112,1,3466,致振,612006,5
739,112,1,3479,安勤,712682,5
740,112,1,3481,群創,95564562,1
741,112,1,3483,力致,781465,5
742,112,1,3484,崧騰,755365,5
743,112,1,3489,森寶,831307,5
744,112,1,3490,單井,550065,5
745,112,1,3491,昇達科,621586,5
746,112,1,3492,長盛,355316,5
747,112,1,3494,誠研,1240000,4
748,112,1,3498,陽程,628730,5
749,112,1,3499,環天科,549706,5
750,112,1,3501,維熹,1182579,4
751,112,1,3504,揚明光,1140598,4
752,112,1,3508,位速,1108217,4
753,112,1,3511,矽瑪,799729,5
754,112,1,3512,皇龍,840000,5
755,112,1,3515,華擎,1219894,4
756,112,1,3516,亞帝歐,505902,5
757,112,1,3518,柏騰,807422,5
758,112,1,3520,華盈,688468,5
759,112,1,3521,鴻翊,606744,5
760,112,1,3522,御頂,425250,5
761,112,1,3523,迎輝,618299,5
762,112,1,3526,凡甲,589978,5
763,112,1,3527,聚積,444451,5
764,112,1,3528,安馳,663660,5
765,112,1,3529,力旺,761885,5
766,112,1,3530,晶相光,784559,5
767,112,1,3531,先益,611750,5
768,112,1,3532,台勝科,3878483,3
769,112,1,3533,嘉澤,1108824,4
770,112,1,3535,晶彩科,790523,5
771,112,1,3536,誠創,1068000,4
772,112,1,3537,堡達,535647,5
773,112,1,3540,曜越,730665,5
774,112,1,3541,西柏,567871,5
775,112,1,3543,州巧,892631,5
776,112,1,3545,敦泰,2159770,3
777,112,1,3546,宇峻,481777,5
778,112,1,3548,兆利,601214,5
779,112,1,3550,聯穎,875500,5
780,112,1,3551,世禾,567749,5
781,112,1,3552,同致,855929,5
782,112,1,3555,博士旺,257628,5
783,112,1,3556,禾瑞亞,637029,5
784,112,1,3557,嘉威,803004,5
785,112,1,3558,神準,490609,5
786,112,1,3563,牧德,447282,5
787,112,1,3564,其陽,591231,5
788,112,1,3567,逸昌,339540,5
789,112,1,3570,大塚,170970,5
790,112,1,3576,聯合再生,16277954,1
791,112,1,3577,泓格,581506,5
792,112,1,3580,友威科,394707,5
793,112,1,3581,博磊,510060,5
794,112,1,3583,辛耘,811390,5
795,112,1,3587,閎康,623131,5
796,112,1,3588,通嘉,568528,5
797,112,1,3591,艾笛森,1377152,4
798,112,1,3592,瑞鼎,758552,5
799,112,1,3593,力銘,930425,5
800,112,1,3594,磐儀,954394,5
801,112,1,3596,智易,2203543,3
802,112,1,3597,映興,391462,5
803,112,1,3605,宏致,1344177,4
804,112,1,3607,谷崧,1216622,4
805,112,1,3609,三一東林,352794,5
806,112,1,3611,鼎翰,425219,5
807,112,1,3615,安可,684670,5
808,112,1,3617,碩天,835008,5
809,112,1,3622,洋華,1513276,4
810,112,1,3623,富晶通,291859,5
811,112,1,3624,光頡,1173408,4
812,112,1,3625,西勝,1141314,4
813,112,1,3628,盈正,450000,5
814,112,1,3629,地心引力,330760,5
815,112,1,3630,新鉅科,1841919,4
816,112,1,3631,晟楠,818209,5
817,112,1,3632,研勤,408897,5
818,112,1,3645,達邁,1317990,4
819,112,1,3646,艾恩特,392974,5
820,112,1,3652,精聯,750975,5
821,112,1,3653,健策,1380872,4
822,112,1,3661,世芯-KY,723248,5
823,112,1,3663,鑫科,734980,5
824,112,1,3664,安瑞-KY,581228,5
825,112,1,3665,貿聯-KY,1565623,4
826,112,1,3666,光耀,586906,5
827,112,1,3669,圓展,929200,5
828,112,1,3672,康聯訊,317903,5
829,112,1,3673,TPK-KY,4066638,3
830,112,1,3675,德微,444283,5
831,112,1,3679,新至陞,630482,5
832,112,1,3680,家登,865882,5
833,112,1,3682,亞太電,43171964,1
834,112,1,3684,榮昌,245915,5
835,112,1,3685,元創精密,795740,5
836,112,1,3686,達能,764951,5
837,112,1,3687,歐買尬,300596,5
838,112,1,3689,湧德,772333,5
839,112,1,3691,碩禾,918834,5
840,112,1,3693,營邦,384907,5
841,112,1,3694,海華,1527388,4
842,112,1,3701,大眾控,2155835,3
843,112,1,3702,大聯大,18790568,1
844,112,1,3703,欣陸,8232160,2
845,112,1,3704,合勤控,4026205,3
846,112,1,3705,永信,2664230,3
847,112,1,3706,神達,12065568,1
848,112,1,3707,漢磊,3332062,3
849,112,1,3708,上緯投控,981322,5
850,112,1,3709,鑫聯大投控,1005695,4
851,112,1,3710,連展投控,2872507,3
852,112,1,3711,日月光投控,43739054,1
853,112,1,3712,永崴投控,2462421,3
854,112,1,3713,新晶投控,780900,5
855,112,1,3714,富采,7547840,2
856,112,1,3715,定穎投控,2775490,3
857,112,1,4102,永日,423735,5
858,112,1,4104,佳醫,1482064,4
859,112,1,4105,東洋,2486500,3
860,112,1,4106,雃博,1009116,4
861,112,1,4107,邦特,692983,5
862,112,1,4108,懷特,1986189,4
863,112,1,4109,加捷生醫,889367,5
864,112,1,4111,濟生,569830,5
865,112,1,4113,聯上,2111382,3
866,112,1,4114,健喬,3437007,3
867,112,1,4116,明基醫,445660,5
868,112,1,4119,旭富,953824,5
869,112,1,4120,友華,867471,5
870,112,1,4121,優盛,849291,5
871,112,1,4123,晟德,5947560,2
872,112,1,4126,太醫,726000,5
873,112,1,4127,天良,457600,5
874,112,1,4128,中天,5110972,2
875,112,1,4129,聯合,881116,5
876,112,1,4130,健亞,1093758,4
877,112,1,4131,晶宇,390000,5
878,112,1,4133,亞諾法,605536,5
879,112,1,4137,麗豐-KY,794924,5
880,112,1,4138,曜亞,300000,5
881,112,1,4139,馬光-KY,425499,5
882,112,1,4142,國光生,4295078,3
883,112,1,4147,中裕,2526680,3
884,112,1,4148,全宇生技-KY,640340,5
885,112,1,4153,鈺緯,617591,5
886,112,1,4154,樂威科-KY,357200,5
887,112,1,4155,訊映,1148692,4
888,112,1,4157,太景*-KY,20910,5
889,112,1,4160,創源,242470,5
890,112,1,4161,聿新科,524279,5
891,112,1,4162,智擎,1456858,4
892,112,1,4163,鐿鈦,482902,5
893,112,1,4164,承業醫,1637857,4
894,112,1,4167,松瑞藥,3172316,3
895,112,1,4168,醣聯,1086328,4
896,112,1,4171,瑞基,459660,5
897,112,1,4173,久裕,745744,5
898,112,1,4174,浩鼎,2294394,3
899,112,1,4175,杏一,373635,5
900,112,1,4183,福永生技,238000,5
901,112,1,4188,安克,532214,5
902,112,1,4190,佐登-KY,609077,5
903,112,1,4192,杏國,1150770,4
904,112,1,4198,欣大健康,221080,5
905,112,1,4205,中華食,887720,5
906,112,1,4207,環泰,1758684,4
907,112,1,4303,信立,675000,5
908,112,1,4304,勝昱,360380,5
909,112,1,4305,世坤,550140,5
910,112,1,4306,炎洲,6487307,2
911,112,1,4401,東隆興,1226920,4
912,112,1,4402,福大,459918,5
913,112,1,4406,新昕纖,519120,5
914,112,1,4413,飛寶企業,313147,5
915,112,1,4416,三圓,620238,5
916,112,1,4417,金洲,839713,5
917,112,1,4419,元勝,381631,5
918,112,1,4420,光明,404550,5
919,112,1,4426,利勤,1726773,4
920,112,1,4430,耀億,562736,5
921,112,1,4432,銘旺實,505890,5
922,112,1,4433,興采,612998,5
923,112,1,4438,廣越,1034255,4
924,112,1,4439,冠星-KY,383698,5
925,112,1,4440,宜新實業,675980,5
926,112,1,4502,健信,581117,5
927,112,1,4503,金雨,603133,5
928,112,1,4506,崇友,1770120,4
929,112,1,4510,高鋒,1080107,4
930,112,1,4513,福裕,768803,5
931,112,1,4523,永彰,640000,5
932,112,1,4526,東台,2548265,3
933,112,1,4527,方方土霖,761524,5
934,112,1,4528,江興鍛,841657,5
935,112,1,4529,淳紳,845811,5
936,112,1,4530,宏易,494373,5
937,112,1,4532,瑞智,5049151,2
938,112,1,4533,協易機,1584341,4
939,112,1,4534,慶騰,867889,5
940,112,1,4535,至興,756617,5
941,112,1,4536,拓凱,908200,5
942,112,1,4538,大詠城,504610,5
943,112,1,4540,全球傳動,946237,5
944,112,1,4541,晟田,676471,5
945,112,1,4542,科嶠,322854,5
946,112,1,4543,萬在,569700,5
947,112,1,4545,銘鈺,770000,5
948,112,1,4549,桓達,493595,5
949,112,1,4550,長佳,378387,5
950,112,1,4551,智伸科,1152225,4
951,112,1,4552,力達-KY,1160000,4
952,112,1,4554,橙的,232986,5
953,112,1,4555,氣立,683976,5
954,112,1,4556,旭然,418840,5
955,112,1,4557,永新-KY,419718,5
956,112,1,4558,寶緯,500000,5
957,112,1,4560,強信-KY,680972,5
958,112,1,4561,健椿,585216,5
959,112,1,4562,穎漢,875460,5
960,112,1,4563,百德,549500,5
961,112,1,4564,元翎,2027883,3
962,112,1,4566,時碩工業,823893,5
963,112,1,4568,科際精密,320441,5
964,112,1,4571,鈞興-KY,533350,5
965,112,1,4572,駐龍,358000,5
966,112,1,4576,大銀微系統,1198018,4
967,112,1,4577,達航科技,491380,5
968,112,1,4580,捷流閥業,431331,5
969,112,1,4581,光隆精密-KY,338990,5
970,112,1,4583,台灣精銳,801714,5
971,112,1,4584,君帆,277800,5
972,112,1,4609,唐鋒,479468,5
973,112,1,4702,中美實,723332,5
974,112,1,4706,大恭,790301,5
975,112,1,4707,磐亞,3526283,3
976,112,1,4711,永純,610560,5
977,112,1,4712,南璋,736907,5
978,112,1,4714,永捷,1394638,4
979,112,1,4716,大立,849045,5
980,112,1,4720,德淵,1037563,4
981,112,1,4721,美琪瑪,749863,5
982,112,1,4722,國精化,1000092,4
983,112,1,4726,永昕,2055825,3
984,112,1,4728,雙美,544630,5
985,112,1,4729,熒茂,777268,5
986,112,1,4735,豪展,367688,5
987,112,1,4736,泰博,952905,5
988,112,1,4737,華廣,612556,5
989,112,1,4739,康普,1070293,4
990,112,1,4741,泓瀚,328416,5
991,112,1,4743,合一,3917729,3
992,112,1,4744,皇將,520366,5
993,112,1,4745,合富-KY,774496,5
994,112,1,4746,台耀,1202560,4
995,112,1,4747,強生製藥,300188,5
996,112,1,4754,國碳科,275302,5
997,112,1,4755,三福化,1007060,4
998,112,1,4760,勤凱科技,318009,5
999,112,1,4763,材料-KY,713329,5
1000,112,1,4764,雙鍵,855421,5
1001,112,1,4766,南寶,1205707,4
1002,112,1,4767,誠泰科技,314150,5
1003,112,1,4768,晶呈科技,369266,5
1004,112,1,4770,上品,790370,5
1005,112,1,4804,大略-KY,453479,5
1006,112,1,4807,日成-KY,383960,5
1007,112,1,4903,聯光通,1040515,4
1008,112,1,4904,遠傳,32585008,1
1009,112,1,4905,台聯電,292600,5
1010,112,1,4906,正文,3944745,3
1011,112,1,4907,富宇,1181458,4
1012,112,1,4908,前鼎,782169,5
1013,112,1,4909,新復興,933568,5
1014,112,1,4911,德英,556600,5
1015,112,1,4912,聯德控股-KY,621928,5
1016,112,1,4915,致伸,4594343,3
1017,112,1,4916,事欣科,883754,5
1018,112,1,4919,新唐,4197653,3
1019,112,1,4923,力士,283340,5
1020,112,1,4924,欣厚-KY,371644,5
1021,112,1,4927,泰鼎-KY,1899380,4
1022,112,1,4930,燦星網,800000,5
1023,112,1,4931,新盛力,643198,5
1024,112,1,4933,友輝,802657,5
1025,112,1,4934,太極,2250000,3
1026,112,1,4935,茂林-KY,1288641,4
1027,112,1,4938,和碩,26669234,1
1028,112,1,4939,亞電,982009,5
1029,112,1,4942,嘉彰,1423676,4
1030,112,1,4943,康控-KY,867504,5
1031,112,1,4944,兆遠,439002,5
1032,112,1,4945,陞達科技,300368,5
1033,112,1,4946,辣椒,154025,5
1034,112,1,4950,牧東,467598,5
1035,112,1,4951,精拓科,341487,5
1036,112,1,4952,凌通,1088158,4
1037,112,1,4953,緯軟,673277,5
1038,112,1,4956,光鋐,1004082,4
1039,112,1,4958,臻鼎-KY,9470492,2
1040,112,1,4960,誠美材,5728818,2
1041,112,1,4961,天鈺,1865453,4
1042,112,1,4966,譜瑞-KY,811832,5
1043,112,1,4967,十銓,715487,5
1044,112,1,4968,立積,901689,5
1045,112,1,4971,IET-KY,367432,5
1046,112,1,4972,湯石照明,394956,5
1047,112,1,4973,廣穎電通,635058,5
1048,112,1,4974,亞泰,725001,5
1049,112,1,4976,佳凌,1387040,4
1050,112,1,4977,眾達-KY,801898,5
1051,112,1,4979,華星光,1323398,4
1052,112,1,4987,科誠,318780,5
1053,112,1,4989,榮科,1377765,4
1054,112,1,4991,環宇-KY,1113107,4
1055,112,1,4994,傳奇,1106390,4
1056,112,1,4995,晶達,419560,5
1057,112,1,4999,鑫禾,744172,5
1058,112,1,5007,三星,2949401,3
1059,112,1,5009,榮剛,5019660,2
1060,112,1,5011,久陽,999219,5
1061,112,1,5013,強新,1334160,4
1062,112,1,5014,建錩,1853330,4
1063,112,1,5015,華祺,606392,5
1064,112,1,5016,松和,496221,5
1065,112,1,5201,凱衛,306746,5
1066,112,1,5202,力新,890940,5
1067,112,1,5203,訊連,789418,5
1068,112,1,5205,中茂,102500,5
1069,112,1,5206,坤悅,1559250,4
1070,112,1,5209,新鼎,286559,5
1071,112,1,5210,寶碩,621778,5
1072,112,1,5211,蒙恬,320247,5
1073,112,1,5212,凌網,346330,5
1074,112,1,5213,亞昕,4257207,3
1075,112,1,5215,科嘉-KY,643375,5
1076,112,1,5220,萬達光電,396670,5
1077,112,1,5222,全訊,678208,5
1078,112,1,5223,安力-KY,445498,5
1079,112,1,5225,東科-KY,644940,5
1080,112,1,5227,立凱-KY,700000,5
1081,112,1,5228,鈺鎧,380563,5
1082,112,1,5230,雷笛克光學,469559,5
1083,112,1,5234,達興材料,1027159,4
1084,112,1,5236,凌陽創新,585001,5
1085,112,1,5243,乙盛-KY,1685289,4
1086,112,1,5244,弘凱,679441,5
1087,112,1,5245,智晶,449900,5
1088,112,1,5251,天鉞電,356774,5
1089,112,1,5258,虹堡,995426,5
1090,112,1,5263,智崴,645302,5
1091,112,1,5269,祥碩,693648,5
1092,112,1,5272,笙科,559731,5
1093,112,1,5274,信驊,378207,5
1094,112,1,5276,達輝-KY,395000,5
1095,112,1,5278,尚凡,222486,5
1096,112,1,5281,大峽谷-KY,370100,5
1097,112,1,5283,禾聯碩,730004,5
1098,112,1,5284,jpp-KY,479289,5
1099,112,1,5285,界霖,1020409,4
1100,112,1,5287,數字,507950,5
1101,112,1,5288,豐祥-KY,660300,5
1102,112,1,5289,宜鼎,866666,5
1103,112,1,5291,邑昇,409256,5
1104,112,1,5299,杰力,508890,5
1105,112,1,5301,寶得利,1345526,4
1106,112,1,5302,太欣,1598883,4
1107,112,1,5306,桂盟,1260000,4
1108,112,1,5309,系統電,1811794,4
1109,112,1,5310,天剛,289435,5
1110,112,1,5312,寶島科,600599,5
1111,112,1,5314,世紀,147000,5
1112,112,1,5315,光聯,1063518,4
1113,112,1,5321,美而快,402192,5
1114,112,1,5324,士開,2263791,3
1115,112,1,5328,華容,1727107,4
1116,112,1,5340,建榮,1948940,4
1117,112,1,5344,立衛,794474,5
1118,112,1,5345,天揚,562500,5
1119,112,1,5347,世界,16389823,1
1120,112,1,5348,系通,289503,5
1121,112,1,5351,鈺創,2848093,3
1122,112,1,5353,台林,750000,5
1123,112,1,5355,佳總,1661228,4
1124,112,1,5356,協益,1030400,4
1125,112,1,5364,力麗店,288499,5
1126,112,1,5371,中光電,3909811,3
1127,112,1,5381,合正,2101568,3
1128,112,1,5383,金利,794004,5
1129,112,1,5386,青雲,267610,5
1130,112,1,5388,中磊,2588758,3
1131,112,1,5392,能率,1699640,4
1132,112,1,5398,慕康生醫,499505,5
1133,112,1,5403,中菲,743230,5
1134,112,1,5410,國眾,892219,5
1135,112,1,5425,台半,2634854,3
1136,112,1,5426,振發,1438000,4
1137,112,1,5432,新門,206878,5
1138,112,1,5434,崇越,1816996,4
1139,112,1,5438,東友,1125365,4
1140,112,1,5439,高技,929757,5
1141,112,1,5443,均豪,1651361,4
1142,112,1,5450,南良,1223923,4
1143,112,1,5452,佶優,1487637,4
1144,112,1,5455,昇益,655018,5
1145,112,1,5457,宣德,1708505,4
1146,112,1,5460,同協,587781,5
1147,112,1,5464,霖宏,710715,5
1148,112,1,5465,富驊,1476826,4
1149,112,1,5468,凱鈺,358229,5
1150,112,1,5469,瀚宇博,5284413,2
1151,112,1,5471,松翰,1678770,4
1152,112,1,5474,聰泰,403559,5
1153,112,1,5475,德宏,1271270,4
1154,112,1,5478,智冠,1274743,4
1155,112,1,5481,新華,734029,5
1156,112,1,5483,中美晶,5862217,2
1157,112,1,5484,慧友,668010,5
1158,112,1,5487,通泰,241631,5
1159,112,1,5488,松普,915861,5
1160,112,1,5489,彩富,1027064,4
1161,112,1,5490,同亨,961562,5
1162,112,1,5493,三聯,416088,5
1163,112,1,5498,凱崴,1899283,4
1164,112,1,5508,永信建,2174281,3
1165,112,1,5511,德昌,1134400,4
1166,112,1,5512,力麒,7439927,2
1167,112,1,5514,三豐,2162255,3
1168,112,1,5515,建國,2520001,3
1169,112,1,5516,雙喜,454945,5
1170,112,1,5519,隆大,2191972,3
1171,112,1,5520,力泰,599752,5
1172,112,1,5521,工信,4922802,3
1173,112,1,5522,遠雄,7815962,2
1174,112,1,5523,豐謙,1550015,4
1175,112,1,5525,順天,2645913,3
1176,112,1,5529,鉅陞,1240528,4
1177,112,1,5530,龍巖,4200842,3
1178,112,1,5531,鄉林,9775892,2
1179,112,1,5533,皇鼎,2852450,3
1180,112,1,5534,長虹,2903260,3
1181,112,1,5536,聖暉*,610314,5
1182,112,1,5538,東明-KY,2012033,3
1183,112,1,5543,桓鼎-KY,373045,5
1184,112,1,5546,永固-KY,823534,5
1185,112,1,5601,台聯櫃,648000,5
1186,112,1,5603,陸海,1048766,4
1187,112,1,5604,中連,1087830,4
1188,112,1,5607,遠雄港,2739791,3
1189,112,1,5608,四維航,3692671,3
1190,112,1,5609,中菲行,1360800,4
1191,112,1,5701,劍湖山,1430000,4
1192,112,1,5703,亞都麗緻,702396,5
1193,112,1,5704,老爺知,388617,5
1194,112,1,5706,鳳凰,737670,5
1195,112,1,5864,致和證,2668442,3
1196,112,1,5871,中租-KY,17329141,1
1197,112,1,5878,台名,250243,5
1198,112,1,5880,合庫金,140089354,1
1199,112,1,5902,德記,945000,5
1200,112,1,5903,全家,2232200,3
1201,112,1,5904,寶雅,1021820,4
1202,112,1,5905,南仁湖,2498247,3
1203,112,1,5906,台南-KY,324000,5
1204,112,1,5907,大洋-KY,1955310,4
1205,112,1,6005,群益證,21709081,1
1206,112,1,6015,宏遠證,3512516,3
1207,112,1,6016,康和證,5944550,2
1208,112,1,6020,大展證,2523532,3
1209,112,1,6021,美好證,3112659,3
1210,112,1,6023,元大期貨,2899763,3
1211,112,1,6024,群益期,2104376,3
1212,112,1,6026,福邦證,3961619,3
1213,112,1,6101,寬魚國際,1164224,4
1214,112,1,6103,合邦,136049,5
1215,112,1,6104,創惟,902792,5
1216,112,1,6108,競國,1598993,4
1217,112,1,6109,亞元,669230,5
1218,112,1,6111,大宇資,852630,5
1219,112,1,6112,邁達特,1883573,4
1220,112,1,6113,亞矽,500471,5
1221,112,1,6114,久威,439119,5
1222,112,1,6115,鎰勝,1876622,4
1223,112,1,6116,彩晶,29403289,1
1224,112,1,6117,迎廣,886500,5
1225,112,1,6118,建達,908896,5
1226,112,1,6120,達運,6655551,2
1227,112,1,6121,新普,1849705,4
1228,112,1,6122,擎邦,722068,5
1229,112,1,6123,上奇,620894,5
1230,112,1,6124,業強,1824799,4
1231,112,1,6125,廣運,2490112,3
1232,112,1,6126,信音,1172656,4
1233,112,1,6127,九豪,1080798,4
1234,112,1,6128,上福,1275887,4
1235,112,1,6129,普誠,1809437,4
1236,112,1,6130,星寶國際,443000,5
1237,112,1,6133,金橋,1170064,4
1238,112,1,6134,萬旭,725845,5
1239,112,1,6136,富爾特,1155364,4
1240,112,1,6138,茂達,740675,5
1241,112,1,6139,亞翔,2255409,3
1242,112,1,6140,訊達電腦,422047,5
1243,112,1,6141,柏承,1133540,4
1244,112,1,6142,友勁,3307792,3
1245,112,1,6143,振曜,875069,5
1246,112,1,6144,得利影,382737,5
1247,112,1,6146,耕興,970164,5
1248,112,1,6147,頎邦,7386755,2
1249,112,1,6148,驊宏資,466038,5
1250,112,1,6150,撼訊,483460,5
1251,112,1,6151,晉倫,552573,5
1252,112,1,6152,百一,1677385,4
1253,112,1,6153,嘉聯益,5561777,2
1254,112,1,6154,順發,800800,5
1255,112,1,6155,鈞寶,871477,5
1256,112,1,6156,松上,780276,5
1257,112,1,6158,禾昌,550479,5
1258,112,1,6160,欣技,684891,5
1259,112,1,6161,捷波,749833,5
1260,112,1,6163,華電網,1362315,4
1261,112,1,6164,華興,1000002,4
1262,112,1,6165,浪凡,532424,5
1263,112,1,6166,凌華,2174973,3
1264,112,1,6167,久正,1621732,4
1265,112,1,6168,宏齊,2060698,3
1266,112,1,6169,昱泉,233950,5
1267,112,1,6170,統振,896701,5
1268,112,1,6171,大城地產,1000000,4
1269,112,1,6173,信昌電,1720000,4
1270,112,1,6174,安碁,500000,5
1271,112,1,6175,立敦,1432196,4
1272,112,1,6176,瑞儀,4650273,3
1273,112,1,6177,達麗,3879106,3
1274,112,1,6179,亞通,881467,5
1275,112,1,6180,橘子,1754936,4
1276,112,1,6182,合晶,5409336,2
1277,112,1,6183,關貿,1500000,4
1278,112,1,6184,大豐電,1582306,4
1279,112,1,6185,幃翔,1498675,4
1280,112,1,6186,新潤,1499861,4
1281,112,1,6187,萬潤,833239,5
1282,112,1,6188,廣明,2783589,3
1283,112,1,6189,豐藝,2121552,3
1284,112,1,6190,萬泰科,1616652,4
1285,112,1,6191,精成科,4743030,3
1286,112,1,6192,巨路,961558,5
1287,112,1,6194,育富,480000,5
1288,112,1,6195,詩肯,501930,5
1289,112,1,6196,帆宣,1956782,4
1290,112,1,6197,佳必琪,1220859,4
1291,112,1,6198,瑞築,226354,5
1292,112,1,6199,天品,617600,5
1293,112,1,6201,亞弘電,892000,5
1294,112,1,6202,盛群,2261682,3
1295,112,1,6203,海韻電,799532,5
1296,112,1,6204,艾華,231021,5
1297,112,1,6205,詮欣,800286,5
1298,112,1,6206,飛捷,1430623,4
1299,112,1,6207,雷科,796799,5
1300,112,1,6208,日揚,1182017,4
1301,112,1,6209,今國光,1742286,4
1302,112,1,6210,慶生,350480,5
1303,112,1,6212,理銘,1020000,4
1304,112,1,6213,聯茂,3629572,3
1305,112,1,6214,精誠,2723333,3
1306,112,1,6215,和椿,827897,5
1307,112,1,6216,居易,911514,5
1308,112,1,6217,中探針,971080,5
1309,112,1,6218,豪勉,642620,5
1310,112,1,6219,富旺,1540163,4
1311,112,1,6220,岳豐,1448682,4
1312,112,1,6221,晉泰,826850,5
1313,112,1,6222,上揚,405889,5
1314,112,1,6223,旺矽,942311,5
1315,112,1,6224,聚鼎,856453,5
1316,112,1,6225,天瀚,278000,5
1317,112,1,6226,光鼎,1166198,4
1318,112,1,6227,茂綸,761118,5
1319,112,1,6228,全譜,450000,5
1320,112,1,6229,研通,356407,5
1321,112,1,6230,尼得科超眾,863434,5
1322,112,1,6231,系微,380435,5
1323,112,1,6233,旺玖,796099,5
1324,112,1,6234,高僑,1003864,4
1325,112,1,6235,華孚,1924109,4
1326,112,1,6236,康呈,416540,5
1327,112,1,6237,驊訊,786490,5
1328,112,1,6239,力成,7591466,2
1329,112,1,6240,松崗,228674,5
1330,112,1,6241,易通展,415000,5
1331,112,1,6242,立康,233100,5
1332,112,1,6243,迅杰,453128,5
1333,112,1,6244,茂迪,3870419,3
1334,112,1,6245,立端,1185074,4
1335,112,1,6246,臺龍,371092,5
1336,112,1,6248,沛波,620836,5
1337,112,1,6257,矽格,4567410,3
1338,112,1,6259,百徽,202779,5
1339,112,1,6261,久元,1284980,4
1340,112,1,6263,普萊德,625010,5
1341,112,1,6264,富裔,1163553,4
1342,112,1,6265,方土昶,1181722,4
1343,112,1,6266,泰詠,1234226,4
1344,112,1,6269,台郡,3227629,3
1345,112,1,6270,倍微,721458,5
1346,112,1,6271,同欣電,1608139,4
1347,112,1,6274,台燿,2691518,3
1348,112,1,6275,元山,701669,5
1349,112,1,6276,安鈦克,314900,5
1350,112,1,6277,宏正,1194711,4
1351,112,1,6278,台表科,2923984,3
1352,112,1,6279,胡連,996547,5
1353,112,1,6281,全國電,991729,5
1354,112,1,6282,康舒,5261013,2
1355,112,1,6283,淳安,1479063,4
1356,112,1,6284,佳邦,1401803,4
1357,112,1,6285,啟碁,4105563,3
1358,112,1,6287,元隆,1095364,4
1359,112,1,6288,聯嘉,1935064,4
1360,112,1,6290,良維,1535045,4
1361,112,1,6291,沛亨,420000,5
1362,112,1,6292,迅德,469007,5
1363,112,1,6294,智基,245727,5
1364,112,1,6404,通訊-KY,243580,5
1365,112,1,6405,悅城,658000,5
1366,112,1,6409,旭隼,877626,5
1367,112,1,6411,晶焱,979826,5
1368,112,1,6412,群電,3990401,3
1369,112,1,6414,樺漢,1087651,4
1370,112,1,6415,矽力*-KY,955101,5
1371,112,1,6416,瑞祺電通,733485,5
1372,112,1,6417,韋僑,422740,5
1373,112,1,6418,詠昇,345220,5
1374,112,1,6419,京晨科,131592,5
1375,112,1,6425,易發,436020,5
1376,112,1,6426,統新,385090,5
1377,112,1,6431,光麗-KY,685688,5
1378,112,1,6432,今展科,305928,5
1379,112,1,6435,大中,334330,5
1380,112,1,6438,迅得,714317,5
1381,112,1,6441,廣錠,433185,5
1382,112,1,6442,光聖,663000,5
1383,112,1,6443,元晶,4762967,3
1384,112,1,6446,藥華藥,3053598,3
1385,112,1,6449,鈺邦,889535,5
1386,112,1,6451,訊芯-KY,1074648,4
1387,112,1,6456,GIS-KY,3379398,3
1388,112,1,6457,紘康,318548,5
1389,112,1,6461,益得,1169330,4
1390,112,1,6462,神盾,692718,5
1391,112,1,6464,台數科,1276131,4
1392,112,1,6465,威潤,322817,5
1393,112,1,6469,大樹,899185,5
1394,112,1,6470,宇智,376941,5
1395,112,1,6472,保瑞,775761,5
1396,112,1,6477,安集,1212135,4
1397,112,1,6482,弘煜科,188632,5
1398,112,1,6485,點序,446760,5
1399,112,1,6486,互動,402532,5
1400,112,1,6488,環球晶,4352370,3
1401,112,1,6491,晶碩,700000,5
1402,112,1,6492,生華科,897436,5
1403,112,1,6494,九齊,315597,5
1404,112,1,6496,科懋,474941,5
1405,112,1,6499,益安,878501,5
1406,112,1,6504,南六,726000,5
1407,112,1,6505,台塑化,95259597,1
1408,112,1,6506,雙邦,823608,5
1409,112,1,6508,惠光,879505,5
1410,112,1,6509,聚和,1734903,4
1411,112,1,6510,精測,327890,5
1412,112,1,6512,啟發電,250000,5
1413,112,1,6514,芮特-KY,300154,5
1414,112,1,6515,穎崴,345380,5
1415,112,1,6516,勤崴國際,466202,5
1416,112,1,6517,保勝光學,305791,5
1417,112,1,6523,達爾膚,450477,5
1418,112,1,6525,捷敏-KY,1290474,4
1419,112,1,6527,明達醫,242760,5
1420,112,1,6530,創威,337500,5
1421,112,1,6531,愛普*,809266,5
1422,112,1,6532,瑞耘,374451,5
1423,112,1,6533,晶心科,506509,5
1424,112,1,6535,順藥,1631128,4
1425,112,1,6538,倉和,381690,5
1426,112,1,6541,泰福-KY,1176654,4
1427,112,1,6542,隆中,420006,5
1428,112,1,6546,正基,662269,5
1429,112,1,6547,高端疫苗,3283568,3
1430,112,1,6548,長科*,386569,5
1431,112,1,6550,北極星藥業-KY,7429503,2
1432,112,1,6552,易華電,830000,5
1433,112,1,6556,勝品,287500,5
1434,112,1,6558,興能高,937495,5
1435,112,1,6560,欣普羅,258747,5
1436,112,1,6561,是方,707449,5
1437,112,1,6568,宏觀,307531,5
1438,112,1,6569,醫揚,332612,5
1439,112,1,6570,維田,368796,5
1440,112,1,6573,虹揚-KY,804993,5
1441,112,1,6574,霈方,219900,5
1442,112,1,6576,逸達,1182711,4
1443,112,1,6577,勁豐,382549,5
1444,112,1,6578,達邦蛋白,397103,5
1445,112,1,6579,研揚,1495665,4
1446,112,1,6581,鋼聯,1112709,4
1447,112,1,6582,申豐,1061741,4
1448,112,1,6584,南俊國際,584898,5
1449,112,1,6585,鼎基,692430,5
1450,112,1,6588,東典,267008,5
1451,112,1,6589,台康生技,3046672,3
1452,112,1,6590,普鴻,212913,5
1453,112,1,6591,動力-KY,341990,5
1454,112,1,6592,和潤企業,5650004,2
1455,112,1,6593,台灣銘板,209445,5
1456,112,1,6596,寬宏藝術,300000,5
1457,112,1,6598,ABC-KY,817684,5
1458,112,1,6603,富強鑫,1524136,4
1459,112,1,6605,帝寶,1658164,4
1460,112,1,6606,建德工業,1103038,4
1461,112,1,6609,瀧澤科,724562,5
1462,112,1,6612,奈米醫材,341639,5
1463,112,1,6613,朋億*,339337,5
1464,112,1,6615,慧智,213624,5
1465,112,1,6616,特昇-KY,286342,5
1466,112,1,6624,萬年清,180000,5
1467,112,1,6625,必應,443404,5
1468,112,1,6629,泰金-KY,357142,5
1469,112,1,6640,均華,282765,5
1470,112,1,6641,基士德-KY,370000,5
1471,112,1,6642,富致,373996,5
1472,112,1,6643,M31,316980,5
1473,112,1,6649,台生材,420000,5
1474,112,1,6651,全宇昕,346016,5
1475,112,1,6654,天正國際,369627,5
1476,112,1,6655,科定,740334,5
1477,112,1,6661,威健生技,233043,5
1478,112,1,6662,樂斯科,256124,5
1479,112,1,6664,群翊,552322,5
1480,112,1,6666,羅麗芬-KY,473880,5
1481,112,1,6667,信紘科,447789,5
1482,112,1,6668,中揚光,782451,5
1483,112,1,6669,緯穎,1748408,4
1484,112,1,6670,復盛應用,1325725,4
1485,112,1,6671,三能-KY,607500,5
1486,112,1,6672,騰輝電子-KY,714347,5
1487,112,1,6674,鋐寶科技,676536,5
1488,112,1,6679,鈺太,549393,5
1489,112,1,6680,鑫創電子,191020,5
1490,112,1,6683,雍智科技,272257,5
1491,112,1,6684,安格,271188,5
1492,112,1,6689,伊雲谷,680000,5
1493,112,1,6690,安碁資訊,222045,5
1494,112,1,6691,洋基工程,679071,5
1495,112,1,6693,廣閎科,457200,5
1496,112,1,6695,芯鼎,952093,5
1497,112,1,6697,東捷資訊,273234,5
1498,112,1,6698,旭暉應材,663898,5
1499,112,1,6703,軒郁,238921,5
1500,112,1,6706,惠特,735369,5
1501,112,1,6708,天擎,290088,5
1502,112,1,6712,長聖,681443,5
1503,112,1,6715,嘉基,620868,5
1504,112,1,6716,應廣,269757,5
1505,112,1,6719,力智,810217,5
1506,112,1,6721,信實,225000,5
1507,112,1,6727,亞泰金屬,240483,5
1508,112,1,6728,上洋,230000,5
1509,112,1,6732,昇佳電子,489126,5
1510,112,1,6733,博晟生醫,1230760,4
1511,112,1,6735,美達科技,398940,5
1512,112,1,6741,91APP*-KY,602890,5
1513,112,1,6743,安普新,1500000,4
1514,112,1,6747,亨泰光,241890,5
1515,112,1,6751,智聯服務,200000,5
1516,112,1,6752,叡揚,300001,5
1517,112,1,6753,龍德造船,1077500,4
1518,112,1,6754,匯僑設計,660000,5
1519,112,1,6756,威鋒電子,691996,5
1520,112,1,6761,穩得,239095,5
1521,112,1,6762,達亞,258892,5
1522,112,1,6763,綠界科技,184039,5
1523,112,1,6767,台微醫,291090,5
1524,112,1,6768,志強-KY,1960456,4
1525,112,1,6770,力積電,40672794,1
1526,112,1,6776,展碁國際,815814,5
1527,112,1,6781,AES-KY,854188,5
1528,112,1,6782,視陽,630000,5
1529,112,1,6788,華景電,347397,5
1530,112,1,6789,采鈺,3157771,3
1531,112,1,6790,永豐實,2671290,3
1532,112,1,6791,虎門科技,208470,5
1533,112,1,6792,詠業,478753,5
1534,112,1,6796,晉弘,332337,5
1535,112,1,6799,來頡,413291,5
1536,112,1,6803,崑鼎投控,708330,5
1537,112,1,6804,明係,300000,5
1538,112,1,6806,森崴能源,2161500,3
1539,112,1,6807,峰源-KY,540000,5
1540,112,1,6811,宏碁資訊,414490,5
1541,112,1,6821,聯寶,280000,5
1542,112,1,6823,濾能,211795,5
1543,112,1,6829,千附精密,591690,5
1544,112,1,6830,汎銓,467812,5
1545,112,1,6834,天二科技,884711,5
1546,112,1,6835,圓裕,661723,5
1547,112,1,6840,東研信超,252780,5
1548,112,1,6841,長佳智能,984130,5
1549,112,1,6843,進典,333040,5
1550,112,1,6846,綠茵,244133,5
1551,112,1,6854,錼創科技-KY創,1071786,4
1552,112,1,6855,數泓科,211361,5
1553,112,1,6859,伯特光,353480,5
1554,112,1,6861,睿生光電,393885,5
1555,112,1,6863,永道-KY,743180,5
1556,112,1,6865,偉康科技,143650,5
1557,112,1,6869,雲豹能源-創,1162091,4
1558,112,1,6873,泓德能源-創,1000000,4
1559,112,1,6874,倍力,220000,5
1560,112,1,7402,邑錡,297545,5
1561,112,1,7556,意德士科技,229087,5
1562,112,1,8011,台通,1509219,4
1563,112,1,8016,矽創,1201369,4
1564,112,1,8021,尖點,1421805,4
1565,112,1,8024,佑華,451601,5
1566,112,1,8027,鈦昇,995954,5
1567,112,1,8028,昇陽半導體,1526280,4
1568,112,1,8032,光菱,518103,5
1569,112,1,8033,雷虎,1426298,4
1570,112,1,8034,榮群,628737,5
1571,112,1,8038,長園科,614283,5
1572,112,1,8039,台虹,2091197,3
1573,112,1,8040,九暘,688501,5
1574,112,1,8042,金山電,1294625,4
1575,112,1,8043,蜜望實,799072,5
1576,112,1,8044,網家,1281629,4
1577,112,1,8046,南電,6461655,2
1578,112,1,8047,星雲,416663,5
1579,112,1,8048,德勝,544712,5
1580,112,1,8049,晶采,1182798,4
1581,112,1,8050,廣積,1949980,4
1582,112,1,8054,安國,914592,5
1583,112,1,8059,凱碩,1886180,4
1584,112,1,8064,東捷,1648178,4
1585,112,1,8066,來思達,301523,5
1586,112,1,8067,志旭,173000,5
1587,112,1,8068,全達,807659,5
1588,112,1,8069,元太,11404047,1
1589,112,1,8070,長華*,689419,5
1590,112,1,8071,能率網通,518543,5
1591,112,1,8072,陞泰,800000,5
1592,112,1,8074,鉅橡,809745,5
1593,112,1,8076,伍豐,2960915,3
1594,112,1,8077,洛碁,219457,5
1595,112,1,8080,永利聯合,231639,5
1596,112,1,8081,致新,861721,5
1597,112,1,8083,瑞穎,351332,5
1598,112,1,8084,巨虹,695142,5
1599,112,1,8085,福華,1399830,4
1600,112,1,8086,宏捷科,1965161,4
1601,112,1,8087,華鎂鑫,290690,5
1602,112,1,8088,品安,609217,5
1603,112,1,8089,康全電訊,586655,5
1604,112,1,8091,翔名,479601,5
1605,112,1,8092,建暐,409606,5
1606,112,1,8093,保銳,449460,5
1607,112,1,8096,擎亞,1488964,4
1608,112,1,8097,常珵,600645,5
1609,112,1,8099,大世科,885600,5
1610,112,1,8101,華冠,728311,5
1611,112,1,8103,瀚荃,789534,5
1612,112,1,8104,錸寶,746517,5
1613,112,1,8105,凌巨,4415449,3
1614,112,1,8107,大億金茂,750000,5
1615,112,1,8109,博大,786600,5
1616,112,1,8110,華東,5177399,2
1617,112,1,8111,立碁,1091022,4
1618,112,1,8112,至上,4584965,3
1619,112,1,8114,振樺電,755158,5
1620,112,1,8121,越峰,2129937,3
1621,112,1,8131,福懋科,4422222,3
1622,112,1,8147,正淩,325877,5
1623,112,1,8150,南茂,7272401,2
1624,112,1,8155,博智,512310,5
1625,112,1,8163,達方,2800000,3
1626,112,1,8171,天宇,672505,5
1627,112,1,8176,智捷,717010,5
1628,112,1,8182,加高,1070412,4
1629,112,1,8183,精星,1212511,4
1630,112,1,8201,無敵,623663,5
1631,112,1,8210,勤誠,1206320,4
1632,112,1,8213,志超,2712425,3
1633,112,1,8215,明基材,3206745,3
1634,112,1,8222,寶一,685735,5
1635,112,1,8227,巨有科技,373430,5
1636,112,1,8234,新漢,1412265,4
1637,112,1,8240,華宏,1000044,4
1638,112,1,8249,菱光,1490550,4
1639,112,1,8255,朋程,914470,5
1640,112,1,8261,富鼎,1178905,4
1641,112,1,8271,宇瞻,1226882,4
1642,112,1,8277,商丞,916288,5
1643,112,1,8279,生展,271009,5
1644,112,1,8284,三竹,463420,5
1645,112,1,8289,泰藝,683338,5
1646,112,1,8291,尚茂,473120,5
1647,112,1,8299,群聯,1996250,4
1648,112,1,8341,日友,1115000,4
1649,112,1,8342,益張,335367,5
1650,112,1,8349,恒耀國際,1462016,4
1651,112,1,8354,冠好,785323,5
1652,112,1,8358,金居,2525880,3
1653,112,1,8367,建新國際,877339,5
1654,112,1,8374,羅昇,1122505,4
1655,112,1,8383,千附,1137605,4
1656,112,1,8390,金益鼎,960061,5
1657,112,1,8401,白紗科,600417,5
1658,112,1,8403,盛弘,1200422,4
1659,112,1,8404,百和興業-KY,3151781,3
1660,112,1,8409,商之器,320000,5
1661,112,1,8410,森田,365892,5
1662,112,1,8411,福貞-KY,2184043,3
1663,112,1,8415,大國鋼,10315000,1
1664,112,1,8416,實威,282107,5
1665,112,1,8418,捷必勝-KY,783590,5
1666,112,1,8420,明揚,520967,5
1667,112,1,8421,旭源,548171,5
1668,112,1,8422,可寧衛,1088886,4
1669,112,1,8423,保綠-KY,248291,5
1670,112,1,8424,惠普,360544,5
1671,112,1,8426,紅木-KY,502425,5
1672,112,1,8429,金麗-KY,1857472,4
1673,112,1,8431,匯鑽科,444555,5
1674,112,1,8432,東生華,383981,5
1675,112,1,8433,弘帆,520816,5
1676,112,1,8435,鉅邁,317004,5
1677,112,1,8436,大江,1182608,4
1678,112,1,8437,大地-KY,478511,5
1679,112,1,8438,昶昕,705180,5
1680,112,1,8440,綠電,380002,5
1681,112,1,8442,威宏-KY,608452,5
1682,112,1,8443,阿瘦,668000,5
1683,112,1,8444,綠河-KY,897669,5
1684,112,1,8446,華研,529144,5
1685,112,1,8450,霹靂,513099,5
1686,112,1,8454,富邦媒,2184913,3
1687,112,1,8455,大拓-KY,252191,5
1688,112,1,8462,柏文,794434,5
1689,112,1,8463,潤泰材,1500000,4
1690,112,1,8464,億豐,2930202,3
1691,112,1,8466,美吉吉-KY,660590,5
1692,112,1,8467,波力-KY,495340,5
1693,112,1,8472,夠麻吉,177358,5
1694,112,1,8473,山林水,1470040,4
1695,112,1,8476,台境,765103,5
1696,112,1,8477,創業家,315928,5
1697,112,1,8478,東哥遊艇,888863,5
1698,112,1,8481,政伸,666019,5
1699,112,1,8482,商億-KY,1104440,4
1700,112,1,8488,吉源-KY,675000,5
1701,112,1,8489,三貝德,377525,5
1702,112,1,8499,鼎炫-KY,518569,5
1703,112,1,8905,裕國,1194400,4
1704,112,1,8906,花王,340374,5
1705,112,1,8908,欣雄,2577006,3
1706,112,1,8916,光隆,1506918,4
1707,112,1,8917,欣泰,1626524,4
1708,112,1,8921,沈氏,465922,5
1709,112,1,8923,時報,303758,5
1710,112,1,8924,大田,838000,5
1711,112,1,8926,台汽電,5890486,2
1712,112,1,8927,北基,2870978,3
1713,112,1,8928,鉅明,508540,5
1714,112,1,8929,富堡,505809,5
1715,112,1,8930,青鋼,818094,5
1716,112,1,8931,大汽電,1222549,4
1717,112,1,8932,宏大,666101,5
1718,112,1,8933,愛地雅,3017243,3
1719,112,1,8935,邦泰,909660,5
1720,112,1,8936,國統,2480782,3
1721,112,1,8937,合騏,724788,5
1722,112,1,8938,明安,1402003,4
1723,112,1,8940,新天地,674910,5
1724,112,1,8941,關中,304105,5
1725,112,1,8942,森鉅,1658401,4
1726,112,1,8996,高力,893841,5
1727,112,1,9802,鈺齊-KY,1907303,4
1728,112,1,9902,台火,980496,5
1729,112,1,9904,寶成,29467872,1
1730,112,1,9905,大華,3050000,3
1731,112,1,9906,欣巴巴,833439,5
1732,112,1,9907,統一實,15791453,1
1733,112,1,9908,大台北,5163580,2
1734,112,1,9910,豐泰,8816811,2
1735,112,1,9911,櫻花,2211212,3
1736,112,1,9912,偉聯,539186,5
1737,112,1,9914,美利達,2989838,3
1738,112,1,9917,中保科,4511971,3
1739,112,1,9918,欣天然,1805375,4
1740,112,1,9919,康那香,1953628,4
1741,112,1,9921,巨大,3920646,3
1742,112,1,9924,福興,1884521,4
1743,112,1,9925,新保,3874896,3
1744,112,1,9926,新海,1795041,4
1745,112,1,9927,泰銘,1673185,4
1746,112,1,9928,中視,607246,5
1747,112,1,9929,秋雨,1012800,4
1748,112,1,9930,中聯資源,2485404,3
1749,112,1,9931,欣高,1104306,4
1750,112,1,9933,中鼎,8017896,2
1751,112,1,9934,成霖,4084140,3
1752,112,1,9935,慶豐富,1696233,4
1753,112,1,9937,全國,3090430,3
1754,112,1,9938,百和,2979639,3
1755,112,1,9939,宏全,2877859,3
1756,112,1,9940,信義,7368465,2
1757,112,1,9941,裕融,5983864,2
1758,112,1,9942,茂順,831613,5
1759,112,1,9943,好樂迪,1252200,4
1760,112,1,9944,新麗,1091071,4
1761,112,1,9945,潤泰新,31602501,1
1762,112,1,9946,三發地產,3265542,3
1763,112,1,9949,琉園,440334,5
1764,112,1,9950,萬國通,1677160,4
1765,112,1,9951,皇田,749000,5
1766,112,1,9955,佳龍,1032082,4
1767,112,1,9958,世紀鋼,2332971,3
1768,112,1,9960,邁達康,335925,5
1769,112,1,9962,有益,902203,5
